{
    "Training": [
        0.17815370857715607,
        0.9222792387008667
    ],
    "Validation": [
        0.21864968538284302,
        0.9047486186027527
    ],
    "Test": [
        0.22735124826431274,
        0.9049015641212463
    ],
    "prediction_time_training": {
        "n_samples": 57282,
        "time_pred": 18.07265456499954,
        "t_sample": 0.0003155032045843291
    },
    "prediction_time_testing": {
        "n_samples": 7161,
        "time_pred": 2.0408970509997744,
        "t_sample": 0.00028500168286549007
    },
    "confusion_matrix_normalized": [
        [
            0.8817204301075269,
            0.06060606060606061,
            0.021505376344086023,
            0.0009775171065493646,
            0.026392961876832845,
            0.008797653958944282,
            0.0
        ],
        [
            0.029175050301810865,
            0.8913480885311871,
            0.001006036217303823,
            0.008048289738430584,
            0.0030181086519114686,
            0.06740442655935613,
            0.0
        ],
        [
            0.0977948226270374,
            0.005752636625119847,
            0.8638542665388304,
            0.010546500479386385,
            0.00862895493767977,
            0.013422818791946308,
            0.0
        ],
        [
            0.004859086491739553,
            0.01652089407191448,
            0.001943634596695821,
            0.924198250728863,
            0.003887269193391642,
            0.04859086491739553,
            0.0
        ],
        [
            0.010848126232741617,
            0.006903353057199211,
            0.0009861932938856016,
            0.013806706114398421,
            0.8185404339250493,
            0.14694280078895464,
            0.0019723865877712033
        ],
        [
            0.012452107279693486,
            0.018199233716475097,
            0.0,
            0.007662835249042145,
            0.006704980842911878,
            0.9549808429118773,
            0.0
        ],
        [
            0.0,
            0.0,
            0.0,
            0.0,
            0.0,
            0.0009861932938856016,
            0.9990138067061144
        ]
    ],
    "confusion_matrix": [
        [
            902,
            62,
            22,
            1,
            27,
            9,
            0
        ],
        [
            29,
            886,
            1,
            8,
            3,
            67,
            0
        ],
        [
            102,
            6,
            901,
            11,
            9,
            14,
            0
        ],
        [
            5,
            17,
            2,
            951,
            4,
            50,
            0
        ],
        [
            11,
            7,
            1,
            14,
            830,
            149,
            2
        ],
        [
            13,
            19,
            0,
            8,
            7,
            997,
            0
        ],
        [
            0,
            0,
            0,
            0,
            0,
            1,
            1013
        ]
    ],
    "precision_recall_fscore_support": [
        [
            0.8493408662900188,
            0.8886659979939819,
            0.9719525350593312,
            0.9577039274924471,
            0.9431818181818182,
            0.7746697746697747,
            0.9980295566502463
        ],
        [
            0.8817204301075269,
            0.8913480885311871,
            0.8638542665388304,
            0.924198250728863,
            0.8185404339250493,
            0.9549808429118773,
            0.9990138067061144
        ],
        [
            0.8652278177458035,
            0.8900050226017077,
            0.9147208121827413,
            0.9406528189910979,
            0.8764519535374867,
            0.8554268554268555,
            0.9985214391325776
        ],
        [
            1023,
            994,
            1043,
            1029,
            1014,
            1044,
            1014
        ]
    ],
    "precision_recall_fscore_support_micro": [
        0.9049015500628403,
        0.9049015500628403,
        0.9049015500628403,
        null
    ],
    "precision_recall_fscore_support_macro": [
        0.9119349251910884,
        0.9048080170642069,
        0.90585810280261,
        null
    ]
}