{
    "Training": [
        0.0018426486058160663,
        0.9993624091148376
    ],
    "Validation": [
        0.00385400652885437,
        0.998979926109314
    ],
    "Test": [
        0.004310277756303549,
        0.9990686178207397
    ],
    "prediction_time_training": {
        "n_samples": 180374,
        "time_pred": 45.399989200000164,
        "t_sample": 0.00025169918724428223
    },
    "prediction_time_testing": {
        "n_samples": 22547,
        "time_pred": 3.191110253000261,
        "t_sample": 0.00014153147882202781
    },
    "confusion_matrix_normalized": [
        [
            0.999343659753216,
            0.0,
            0.0006563402467839327
        ],
        [
            0.00013609145345672293,
            0.9997278170930866,
            0.00013609145345672293
        ],
        [
            0.0017148133491623797,
            0.00013190871916633689,
            0.9981532779316713
        ]
    ],
    "confusion_matrix": [
        [
            7613,
            0,
            5
        ],
        [
            1,
            7346,
            1
        ],
        [
            13,
            1,
            7567
        ]
    ],
    "precision_recall_fscore_support": [
        [
            0.9981644158909139,
            0.9998638900231387,
            0.9992077116070249
        ],
        [
            0.999343659753216,
            0.9997278170930866,
            0.9981532779316713
        ],
        [
            0.9987536897343391,
            0.9997958489282068,
            0.998680216444503
        ],
        [
            7618,
            7348,
            7581
        ]
    ],
    "precision_recall_fscore_support_micro": [
        0.999068612232226,
        0.999068612232226,
        0.999068612232226,
        null
    ],
    "precision_recall_fscore_support_macro": [
        0.9990786725070259,
        0.9990749182593247,
        0.999076585035683,
        null
    ]
}