{
    "Training": [
        0.03584565594792366,
        0.9839427471160889
    ],
    "Validation": [
        0.051606953144073486,
        0.9783202409744263
    ],
    "Test": [
        0.06010923162102699,
        0.9766985177993774
    ],
    "prediction_time_training": {
        "n_samples": 93727,
        "time_pred": 28.84117167899967,
        "t_sample": 0.0003077146572385724
    },
    "prediction_time_testing": {
        "n_samples": 11716,
        "time_pred": 3.211080655000842,
        "t_sample": 0.00027407653251970313
    },
    "confusion_matrix_normalized": [
        [
            0.9394167923579688,
            0.06058320764203117,
            0.0
        ],
        [
            0.006306760847628658,
            0.9919273461150353,
            0.0017658930373360242
        ],
        [
            0.0,
            0.0,
            1.0
        ]
    ],
    "confusion_matrix": [
        [
            3737,
            241,
            0
        ],
        [
            25,
            3932,
            7
        ],
        [
            0,
            0,
            3774
        ]
    ],
    "precision_recall_fscore_support": [
        [
            0.9933545986177565,
            0.9422477833692787,
            0.9981486379264745
        ],
        [
            0.9394167923579688,
            0.9919273461150353,
            1.0
        ],
        [
            0.9656330749354005,
            0.9664495514317316,
            0.9990734612839179
        ],
        [
            3978,
            3964,
            3774
        ]
    ],
    "precision_recall_fscore_support_micro": [
        0.9766985319221577,
        0.9766985319221577,
        0.9766985319221577,
        null
    ],
    "precision_recall_fscore_support_macro": [
        0.9779170066378365,
        0.9771147128243346,
        0.9770520292170167,
        null
    ]
}