{
    "Training": [
        0.09221676737070084,
        0.9793484807014465
    ],
    "Validation": [
        0.09428548067808151,
        0.9789772629737854
    ],
    "Test": [
        0.0886223167181015,
        0.9806626439094543
    ],
    "prediction_time_training": {
        "n_samples": 180374,
        "time_pred": 1014.7530254899975,
        "t_sample": 0.005625827588732287
    },
    "prediction_time_testing": {
        "n_samples": 22547,
        "time_pred": 121.30602897200151,
        "t_sample": 0.005380140549607553
    },
    "confusion_matrix_normalized": [
        [
            0.9990811236545025,
            0.0,
            0.0009188763454975059
        ],
        [
            0.019733260751224824,
            0.9793140990745781,
            0.0009526401741970605
        ],
        [
            0.034164358264081256,
            0.002374356944994064,
            0.9634612847909246
        ]
    ],
    "confusion_matrix": [
        [
            7611,
            0,
            7
        ],
        [
            145,
            7196,
            7
        ],
        [
            259,
            18,
            7304
        ]
    ],
    "precision_recall_fscore_support": [
        [
            0.9495945102932003,
            0.9975048516772942,
            0.9980869089915277
        ],
        [
            0.9990811236545025,
            0.9793140990745781,
            0.9634612847909246
        ],
        [
            0.9737094607560929,
            0.988325779425903,
            0.9804684878179744
        ],
        [
            7618,
            7348,
            7581
        ]
    ],
    "precision_recall_fscore_support_micro": [
        0.9806626158690734,
        0.9806626158690734,
        0.9806626158690734,
        null
    ],
    "precision_recall_fscore_support_macro": [
        0.9817287569873407,
        0.9806188358400018,
        0.98083457599999,
        null
    ]
}