{
    "Training": [
        0.5010027289390564,
        0.745526909828186
    ],
    "Validation": [
        0.5136364102363586,
        0.7401843667030334
    ],
    "Test": [
        0.512941300868988,
        0.7383065819740295
    ],
    "prediction_time_training": {
        "n_samples": 93727,
        "time_pred": 589.7503800630002,
        "t_sample": 0.006292214410607405
    },
    "prediction_time_testing": {
        "n_samples": 11716,
        "time_pred": 58.50072282400288,
        "t_sample": 0.004993233426425647
    },
    "confusion_matrix_normalized": [
        [
            0.7921065862242332,
            0.16817496229260936,
            0.03971845148315736
        ],
        [
            0.4944500504540868,
            0.4417255297679112,
            0.06382441977800202
        ],
        [
            0.0029146793852676206,
            0.00397456279809221,
            0.9931107578166402
        ]
    ],
    "confusion_matrix": [
        [
            3151,
            669,
            158
        ],
        [
            1960,
            1751,
            253
        ],
        [
            11,
            15,
            3748
        ]
    ],
    "precision_recall_fscore_support": [
        [
            0.61518937914877,
            0.7190965092402464,
            0.901178167828805
        ],
        [
            0.7921065862242332,
            0.4417255297679112,
            0.9931107578166402
        ],
        [
            0.6925274725274725,
            0.5472730114080324,
            0.9449136518341107
        ],
        [
            3978,
            3964,
            3774
        ]
    ],
    "precision_recall_fscore_support_micro": [
        0.7383065892796176,
        0.7383065892796176,
        0.7383065892796176,
        null
    ],
    "precision_recall_fscore_support_macro": [
        0.7451546854059404,
        0.7423142912695949,
        0.7282380452565386,
        null
    ]
}