{
    "Training": [
        1.1600703001022339,
        0.5315631628036499
    ],
    "Validation": [
        1.1552741527557373,
        0.5398044586181641
    ],
    "Test": [
        1.1777288913726807,
        0.5291160345077515
    ],
    "prediction_time_training": {
        "n_samples": 57282,
        "time_pred": 302.1485498280017,
        "t_sample": 0.00527475559212321
    },
    "prediction_time_testing": {
        "n_samples": 7161,
        "time_pred": 36.846761407003214,
        "t_sample": 0.005145477085184083
    },
    "confusion_matrix_normalized": [
        [
            0.5610948191593352,
            0.030303030303030304,
            0.12218963831867058,
            0.042033235581622676,
            0.14858260019550343,
            0.002932551319648094,
            0.09286412512218964
        ],
        [
            0.26156941649899396,
            0.5352112676056338,
            0.05130784708249497,
            0.0482897384305835,
            0.022132796780684104,
            0.014084507042253521,
            0.06740442655935613
        ],
        [
            0.2195589645254075,
            0.0488974113135187,
            0.41323106423777567,
            0.11984659635666348,
            0.1984659635666347,
            0.0,
            0.0
        ],
        [
            0.008746355685131196,
            0.1457725947521866,
            0.10398445092322643,
            0.6627793974732751,
            0.015549076773566569,
            0.026239067055393587,
            0.0369290573372206
        ],
        [
            0.26232741617357,
            0.09368836291913216,
            0.09664694280078895,
            0.045364891518737675,
            0.373767258382643,
            0.08185404339250493,
            0.046351084812623275
        ],
        [
            0.3132183908045977,
            0.020114942528735632,
            0.07567049808429119,
            0.032567049808429116,
            0.27586206896551724,
            0.19157088122605365,
            0.09099616858237548
        ],
        [
            0.0,
            0.015779092702169626,
            0.0039447731755424065,
            0.0019723865877712033,
            0.0,
            0.0009861932938856016,
            0.9773175542406312
        ]
    ],
    "confusion_matrix": [
        [
            574,
            31,
            125,
            43,
            152,
            3,
            95
        ],
        [
            260,
            532,
            51,
            48,
            22,
            14,
            67
        ],
        [
            229,
            51,
            431,
            125,
            207,
            0,
            0
        ],
        [
            9,
            150,
            107,
            682,
            16,
            27,
            38
        ],
        [
            266,
            95,
            98,
            46,
            379,
            83,
            47
        ],
        [
            327,
            21,
            79,
            34,
            288,
            200,
            95
        ],
        [
            0,
            16,
            4,
            2,
            0,
            1,
            991
        ]
    ],
    "precision_recall_fscore_support": [
        [
            0.34474474474474476,
            0.59375,
            0.48156424581005586,
            0.6959183673469388,
            0.35620300751879697,
            0.6097560975609756,
            0.7434358589647412
        ],
        [
            0.5610948191593352,
            0.5352112676056338,
            0.41323106423777567,
            0.6627793974732751,
            0.373767258382643,
            0.19157088122605365,
            0.9773175542406312
        ],
        [
            0.42708333333333337,
            0.562962962962963,
            0.44478844169246645,
            0.6789447486311598,
            0.36477382098171324,
            0.2915451895043732,
            0.8444823178525778
        ],
        [
            1023,
            994,
            1043,
            1029,
            1014,
            1044,
            1014
        ]
    ],
    "precision_recall_fscore_support_micro": [
        0.5291160452450775,
        0.5291160452450775,
        0.5291160452450775,
        null
    ],
    "precision_recall_fscore_support_macro": [
        0.5464817602780362,
        0.5307103203321926,
        0.5163686878512267,
        null
    ]
}